mesmasterclass-avancee-marketingdigitalavance-module-1,1970
mesmasterclass-avancee-marketingdigitalavance-module-2,1684
mesmasterclass-avancee-marketingdigitalavance-module-3,1014
mesmasterclass-avancee-marketingdigitalavance-module-4,612
mesmasterclass-avancee-marketingdigitalavance-module-10,1
mesmasterclass-avancee-marketingdigitalavance-module-8,1
mesmasterclass-avancee-marketingdigitalavance-module-6,1
mesmasterclass-avancee-marketingdigitalavance-lives,4293
mesmasterclass-avancee-marketingdigitalavance-bienvenue,1516
mesmasterclass-avancee-marketingdigitalavance-replay-160,92
mesmasterclass-avancee-marketingdigitalavance-replay-331,73
mesmasterclass-avancee-marketingdigitalavance-replay-206,71
mesmasterclass-avancee-marketingdigitalavance-replay-213,68
mesmasterclass-avancee-marketingdigitalavance-replay-207,57
mesmasterclass-avancee-marketingdigitalavance-replay-203,57
mesmasterclass-avancee-marketingdigitalavance-replay-217,53
mesmasterclass-avancee-marketingdigitalavance-replay-215,52
mesmasterclass-avancee-marketingdigitalavance-replay-208,50
mesmasterclass-avancee-marketingdigitalavance-replay-204,50
mesmasterclass-avancee-marketingdigitalavance-replay-212,48
mesmasterclass-avancee-marketingdigitalavance-replay-218,43
mesmasterclass-avancee-marketingdigitalavance-replay-205,42
mesmasterclass-avancee-marketingdigitalavance-replay-209,39
mesmasterclass-avancee-marketingdigitalavance-replay-211,31
mesmasterclass-avancee-marketingdigitalavance-replay-214,30
mesmasterclass-avancee-marketingdigitalavance-replay-332,27
mesmasterclass-avancee-marketingdigitalavance-replay-216,24
mesmasterclass-avancee-marketingdigitalavance-replay-210,24
mesmasterclass-avancee-marketingdigitalavance-replay-334,23
mesmasterclass-avancee-marketingdigitalavance-replay-202,23
mesmasterclass-avancee-marketingdigitalavance-replay-335,21
mesmasterclass-avancee-marketingdigitalavance-replay-110,20
mesmasterclass-avancee-marketingdigitalavance-replay-201,18
mesmasterclass-avancee-marketingdigitalavance-replay-105,16
mesmasterclass-avancee-marketingdigitalavance-replay-115,13
mesmasterclass-avancee-marketingdigitalavance-replay-90,12
mesmasterclass-avancee-marketingdigitalavance-replay-200,11
mesmasterclass-avancee-marketingdigitalavance-replay-24,11
mesmasterclass-avancee-marketingdigitalavance-replay-333,10
mesmasterclass-avancee-marketingdigitalavance-replay-25,7
mesmasterclass-avancee-marketingdigitalavance-replay-114,6
mesmasterclass-avancee-marketingdigitalavance-replay-230,5
mesmasterclass-avancee-marketingdigitalavance-replay-229,5
mesmasterclass-avancee-marketingdigitalavance-replay-199,5
mesmasterclass-avancee-marketingdigitalavance-replay-149,4
mesmasterclass-avancee-marketingdigitalavance-replay-144,4
mesmasterclass-avancee-marketingdigitalavance-replay-120,4
mesmasterclass-avancee-marketingdigitalavance-replay-100,4
mesmasterclass-avancee-marketingdigitalavance-replay-95,4
mesmasterclass-avancee-marketingdigitalavance-replay-30,4
mesmasterclass-avancee-marketingdigitalavance-replay-27,4
mesmasterclass-avancee-marketingdigitalavance-replay-109,3
mesmasterclass-avancee-marketingdigitalavance-replay-195,2
mesmasterclass-avancee-marketingdigitalavance-replay-169,2
mesmasterclass-avancee-marketingdigitalavance-replay-125,2
mesmasterclass-avancee-marketingdigitalavance-replay-256,1
mesmasterclass-avancee-marketingdigitalavance-replay-255,1
mesmasterclass-avancee-marketingdigitalavance-replay-240,1
mesmasterclass-avancee-marketingdigitalavance-replay-235,1
mesmasterclass-avancee-marketingdigitalavance-replay-150,1
mesmasterclass-avancee-marketingdigitalavance-replay-84,1
mesmasterclass-avancee-marketingdigitalavance-replay-74,1
mesmasterclass-avancee-marketingdigitalavance-live-212,67
mesmasterclass-avancee-marketingdigitalavance-live-207,65
mesmasterclass-avancee-marketingdigitalavance-live-208,56
mesmasterclass-avancee-marketingdigitalavance-live-213,54
mesmasterclass-avancee-marketingdigitalavance-live-214,50
mesmasterclass-avancee-marketingdigitalavance-live-204,48
mesmasterclass-avancee-marketingdigitalavance-live-211,43
mesmasterclass-avancee-marketingdigitalavance-live-206,43
mesmasterclass-avancee-marketingdigitalavance-live-202,43
mesmasterclass-avancee-marketingdigitalavance-live-216,41
mesmasterclass-avancee-marketingdigitalavance-live-209,37
mesmasterclass-avancee-marketingdigitalavance-live-203,35
mesmasterclass-avancee-marketingdigitalavance-live-215,34
mesmasterclass-avancee-marketingdigitalavance-live-210,32
mesmasterclass-avancee-marketingdigitalavance-live-217,31
mesmasterclass-avancee-marketingdigitalavance-live-334,27
mesmasterclass-avancee-marketingdigitalavance-live-205,27
mesmasterclass-avancee-marketingdigitalavance-live-218,25
mesmasterclass-avancee-marketingdigitalavance-live-333,21
mesmasterclass-avancee-marketingdigitalavance-live-332,20
mesmasterclass-avancee-marketingdigitalavance-live-331,17
mesmasterclass-avancee-marketingdigitalavance-live-335,16
mesmasterclass-avancee-marketingdigitalavance-live-201,2
mesmasterclass-avancee-marketingdigitalavance-communaute,142
mesmasterclass-avancee-marketingdigitalavance-contact-assistant,130
mesmasterclass-avancee-facebook-avance-module-1,1809
mesmasterclass-avancee-facebook-avance-module-2,1259
mesmasterclass-avancee-facebook-avance-module-3,230
mesmasterclass-avancee-facebook-avance-module-9,6
mesmasterclass-avancee-facebook-avance-module-5,6
mesmasterclass-avancee-facebook-avance-module-4,2
mesmasterclass-avancee-facebook-avance-lives,2896
mesmasterclass-avancee-facebook-avance-bienvenue,1285
mesmasterclass-avancee-facebook-avance-live-242,45
mesmasterclass-avancee-facebook-avance-live-235,43
mesmasterclass-avancee-facebook-avance-live-237,39
mesmasterclass-avancee-facebook-avance-live-245,37
mesmasterclass-avancee-facebook-avance-live-234,37
mesmasterclass-avancee-facebook-avance-live-232,37
mesmasterclass-avancee-facebook-avance-live-233,32
mesmasterclass-avancee-facebook-avance-live-300,31
mesmasterclass-avancee-facebook-avance-live-243,30
mesmasterclass-avancee-facebook-avance-live-301,25
mesmasterclass-avancee-facebook-avance-live-236,24
mesmasterclass-avancee-facebook-avance-live-238,22
mesmasterclass-avancee-facebook-avance-live-302,19
mesmasterclass-avancee-facebook-avance-live-240,19
mesmasterclass-avancee-facebook-avance-live-231,19
mesmasterclass-avancee-facebook-avance-live-244,18
mesmasterclass-avancee-facebook-avance-live-241,17
mesmasterclass-avancee-facebook-avance-live-230,17
mesmasterclass-avancee-facebook-avance-live-303,16
mesmasterclass-avancee-facebook-avance-live-239,13
mesmasterclass-avancee-facebook-avance-live-304,12
mesmasterclass-avancee-facebook-avance-live-229,4
mesmasterclass-avancee-facebook-avance-replay-237,60
mesmasterclass-avancee-facebook-avance-replay-234,52
mesmasterclass-avancee-facebook-avance-replay-229,52
mesmasterclass-avancee-facebook-avance-replay-244,48
mesmasterclass-avancee-facebook-avance-replay-304,38
mesmasterclass-avancee-facebook-avance-replay-300,37
mesmasterclass-avancee-facebook-avance-replay-245,34
mesmasterclass-avancee-facebook-avance-replay-232,33
mesmasterclass-avancee-facebook-avance-replay-238,28
mesmasterclass-avancee-facebook-avance-replay-236,26
mesmasterclass-avancee-facebook-avance-replay-228,20
mesmasterclass-avancee-facebook-avance-replay-233,19
mesmasterclass-avancee-facebook-avance-replay-231,19
mesmasterclass-avancee-facebook-avance-replay-243,18
mesmasterclass-avancee-facebook-avance-replay-242,16
mesmasterclass-avancee-facebook-avance-replay-235,16
mesmasterclass-avancee-facebook-avance-replay-239,9
mesmasterclass-avancee-facebook-avance-replay-301,8
mesmasterclass-avancee-facebook-avance-replay-241,6
mesmasterclass-avancee-facebook-avance-replay-230,4
mesmasterclass-avancee-facebook-avance-replay-303,2
mesmasterclass-avancee-facebook-avance-replay-302,2
mesmasterclass-avancee-facebook-avance-communaute,161
mesmasterclass-avancee-facebook-avance-contact-assistant,140
mesmasterclass-avancee-lancer-son-activite-avec-wordpress-module-1,1225
mesmasterclass-avancee-lancer-son-activite-avec-wordpress-module-2,666
mesmasterclass-avancee-lancer-son-activite-avec-wordpress-module-3,353
mesmasterclass-avancee-lancer-son-activite-avec-wordpress-module-5,193
mesmasterclass-avancee-lancer-son-activite-avec-wordpress-module-4,180
mesmasterclass-avancee-lancer-son-activite-avec-wordpress-lives,2137
mesmasterclass-avancee-lancer-son-activite-avec-wordpress-bienvenue,678
mesmasterclass-avancee-lancer-son-activite-avec-wordpress-replay-323,82
mesmasterclass-avancee-lancer-son-activite-avec-wordpress-replay-260,42
mesmasterclass-avancee-lancer-son-activite-avec-wordpress-replay-274,39
mesmasterclass-avancee-lancer-son-activite-avec-wordpress-replay-271,39
mesmasterclass-avancee-lancer-son-activite-avec-wordpress-replay-270,35
mesmasterclass-avancee-lancer-son-activite-avec-wordpress-replay-276,34
mesmasterclass-avancee-lancer-son-activite-avec-wordpress-replay-275,32
mesmasterclass-avancee-lancer-son-activite-avec-wordpress-replay-262,32
mesmasterclass-avancee-lancer-son-activite-avec-wordpress-replay-273,25
mesmasterclass-avancee-lancer-son-activite-avec-wordpress-replay-272,21
mesmasterclass-avancee-lancer-son-activite-avec-wordpress-replay-264,19
mesmasterclass-avancee-lancer-son-activite-avec-wordpress-replay-261,16
mesmasterclass-avancee-lancer-son-activite-avec-wordpress-replay-263,14
mesmasterclass-avancee-lancer-son-activite-avec-wordpress-replay-324,10
mesmasterclass-avancee-lancer-son-activite-avec-wordpress-replay-325,2
mesmasterclass-avancee-lancer-son-activite-avec-wordpress-replay-141,2
mesmasterclass-avancee-lancer-son-activite-avec-wordpress-replay-13,2
mesmasterclass-avancee-lancer-son-activite-avec-wordpress-live-273,58
mesmasterclass-avancee-lancer-son-activite-avec-wordpress-live-274,45
mesmasterclass-avancee-lancer-son-activite-avec-wordpress-live-324,30
mesmasterclass-avancee-lancer-son-activite-avec-wordpress-live-263,25
mesmasterclass-avancee-lancer-son-activite-avec-wordpress-live-264,24
mesmasterclass-avancee-lancer-son-activite-avec-wordpress-live-325,21
mesmasterclass-avancee-lancer-son-activite-avec-wordpress-live-271,21
mesmasterclass-avancee-lancer-son-activite-avec-wordpress-live-275,14
mesmasterclass-avancee-lancer-son-activite-avec-wordpress-live-272,14
mesmasterclass-avancee-lancer-son-activite-avec-wordpress-live-276,13
mesmasterclass-avancee-lancer-son-activite-avec-wordpress-live-323,10
mesmasterclass-avancee-lancer-son-activite-avec-wordpress-contact-assistant,105
mesmasterclass-avancee-lancer-son-activite-avec-wordpress-communaute,102
mesmasterclass-avancee-dropshipping-avance-module-1,813
mesmasterclass-avancee-dropshipping-avance-module-2,470
mesmasterclass-avancee-dropshipping-avance-module-3,243
mesmasterclass-avancee-dropshipping-avance-lives,1189
mesmasterclass-avancee-dropshipping-avance-bienvenue,409
mesmasterclass-avancee-dropshipping-avance-replay-266,68
mesmasterclass-avancee-dropshipping-avance-replay-265,53
mesmasterclass-avancee-dropshipping-avance-replay-277,48
mesmasterclass-avancee-dropshipping-avance-replay-268,31
mesmasterclass-avancee-dropshipping-avance-replay-346,27
mesmasterclass-avancee-dropshipping-avance-replay-267,23
mesmasterclass-avancee-dropshipping-avance-replay-269,21
mesmasterclass-avancee-dropshipping-avance-replay-293,10
mesmasterclass-avancee-dropshipping-avance-replay-294,9
mesmasterclass-avancee-dropshipping-avance-live-269,34
mesmasterclass-avancee-dropshipping-avance-live-266,33
mesmasterclass-avancee-dropshipping-avance-live-293,28
mesmasterclass-avancee-dropshipping-avance-live-265,26
mesmasterclass-avancee-dropshipping-avance-live-268,18
mesmasterclass-avancee-dropshipping-avance-live-294,16
mesmasterclass-avancee-dropshipping-avance-live-267,16
mesmasterclass-avancee-dropshipping-avance-live-277,14
mesmasterclass-avancee-dropshipping-avance-live-346,8
mesmasterclass-avancee-dropshipping-avance-communaute,53
mesmasterclass-avancee-dropshipping-avance-contact-assistant,25
mesmasterclass-avancee-copywriting-avance-lives,1218
mesmasterclass-avancee-copywriting-avance-module-1,404
mesmasterclass-avancee-copywriting-avance-module-3,205
mesmasterclass-avancee-copywriting-avance-module-2,194
mesmasterclass-avancee-copywriting-avance-live-191,45
mesmasterclass-avancee-copywriting-avance-live-181,34
mesmasterclass-avancee-copywriting-avance-live-179,29
mesmasterclass-avancee-copywriting-avance-live-185,28
mesmasterclass-avancee-copywriting-avance-live-189,23
mesmasterclass-avancee-copywriting-avance-live-282,19
mesmasterclass-avancee-copywriting-avance-live-281,19
mesmasterclass-avancee-copywriting-avance-live-190,18
mesmasterclass-avancee-copywriting-avance-live-184,17
mesmasterclass-avancee-copywriting-avance-live-178,15
mesmasterclass-avancee-copywriting-avance-live-278,13
mesmasterclass-avancee-copywriting-avance-live-183,13
mesmasterclass-avancee-copywriting-avance-live-187,12
mesmasterclass-avancee-copywriting-avance-live-180,12
mesmasterclass-avancee-copywriting-avance-live-193,11
mesmasterclass-avancee-copywriting-avance-live-192,10
mesmasterclass-avancee-copywriting-avance-live-186,7
mesmasterclass-avancee-copywriting-avance-live-182,6
mesmasterclass-avancee-copywriting-avance-live-279,5
mesmasterclass-avancee-copywriting-avance-live-280,3
mesmasterclass-avancee-copywriting-avance-live-188,1
mesmasterclass-avancee-copywriting-avance-replay-193,41
mesmasterclass-avancee-copywriting-avance-replay-278,37
mesmasterclass-avancee-copywriting-avance-replay-191,31
mesmasterclass-avancee-copywriting-avance-replay-180,26
mesmasterclass-avancee-copywriting-avance-replay-281,17
mesmasterclass-avancee-copywriting-avance-replay-190,16
mesmasterclass-avancee-copywriting-avance-replay-188,15
mesmasterclass-avancee-copywriting-avance-replay-189,14
mesmasterclass-avancee-copywriting-avance-replay-183,13
mesmasterclass-avancee-copywriting-avance-replay-192,12
mesmasterclass-avancee-copywriting-avance-replay-179,12
mesmasterclass-avancee-copywriting-avance-replay-182,11
mesmasterclass-avancee-copywriting-avance-replay-280,9
mesmasterclass-avancee-copywriting-avance-replay-279,9
mesmasterclass-avancee-copywriting-avance-replay-187,6
mesmasterclass-avancee-copywriting-avance-replay-181,6
mesmasterclass-avancee-copywriting-avance-replay-178,5
mesmasterclass-avancee-copywriting-avance-replay-177,5
mesmasterclass-avancee-copywriting-avance-replay-81,5
mesmasterclass-avancee-copywriting-avance-replay-168,3
mesmasterclass-avancee-copywriting-avance-replay-185,2
mesmasterclass-avancee-copywriting-avance-replay-184,1
mesmasterclass-avancee-copywriting-avance-replay-176,1
mesmasterclass-avancee-copywriting-avance-replay-175,1
mesmasterclass-avancee-copywriting-avance-replay-174,1
mesmasterclass-avancee-copywriting-avance-replay-173,1
mesmasterclass-avancee-copywriting-avance-replay-172,1
mesmasterclass-avancee-copywriting-avance-bienvenue,262
mesmasterclass-avancee-copywriting-avance-contact-assistant,56
mesmasterclass-avancee-copywriting-avance-communaute,36
mesmasterclass-avancee-freelance-module-1,403
mesmasterclass-avancee-freelance-module-2,203
mesmasterclass-avancee-freelance-module-3,197
mesmasterclass-avancee-freelance-module-4,122
mesmasterclass-avancee-freelance-module-5,116
mesmasterclass-avancee-freelance-lives,977
mesmasterclass-avancee-freelance-live-257,39
mesmasterclass-avancee-freelance-live-315,36
mesmasterclass-avancee-freelance-live-252,29
mesmasterclass-avancee-freelance-live-316,25
mesmasterclass-avancee-freelance-live-258,22
mesmasterclass-avancee-freelance-live-253,22
mesmasterclass-avancee-freelance-live-259,21
mesmasterclass-avancee-freelance-live-256,20
mesmasterclass-avancee-freelance-live-255,17
mesmasterclass-avancee-freelance-live-254,15
mesmasterclass-avancee-freelance-live-247,14
mesmasterclass-avancee-freelance-live-251,13
mesmasterclass-avancee-freelance-live-317,10
mesmasterclass-avancee-freelance-live-250,2
mesmasterclass-avancee-freelance-replay-315,29
mesmasterclass-avancee-freelance-replay-256,29
mesmasterclass-avancee-freelance-replay-251,25
mesmasterclass-avancee-freelance-replay-252,20
mesmasterclass-avancee-freelance-replay-254,19
mesmasterclass-avancee-freelance-replay-255,15
mesmasterclass-avancee-freelance-replay-259,13
mesmasterclass-avancee-freelance-replay-247,13
mesmasterclass-avancee-freelance-replay-253,12
mesmasterclass-avancee-freelance-replay-316,11
mesmasterclass-avancee-freelance-replay-258,9
mesmasterclass-avancee-freelance-replay-250,9
mesmasterclass-avancee-freelance-replay-246,7
mesmasterclass-avancee-freelance-replay-257,6
mesmasterclass-avancee-freelance-replay-249,6
mesmasterclass-avancee-freelance-replay-32,6
mesmasterclass-avancee-freelance-replay-152,4
mesmasterclass-avancee-freelance-replay-147,4
mesmasterclass-avancee-freelance-replay-248,3
mesmasterclass-avancee-freelance-replay-140,1
mesmasterclass-avancee-freelance-replay-122,1
mesmasterclass-avancee-freelance-replay-102,1
mesmasterclass-avancee-freelance-bienvenue,190
mesmasterclass-avancee-freelance-communaute,31
mesmasterclass-avancee-freelance-contact-assistant,24
mesmasterclass-avancee-le-druidisme-par-les-4-elements-avancee-lives,16
mesmasterclass-avancee-le-druidisme-par-les-4-elements-avancee-live-347,12
mesmasterclass-avancee-marketingdigital-avance-lives,3
mesmasterclass-avancee-Copywriting-module-4,1
mesmasterclass-avancee-Copywriting-module-1,1
mesmasterclass-facebook,1053
mesmasterclass-facebook-replay-996,92
mesmasterclass-facebook-replay-993,86
mesmasterclass-facebook-replay-1030,58
mesmasterclass-facebook-replay-989,56
mesmasterclass-facebook-replay-994,55
mesmasterclass-facebook-replay-988,53
mesmasterclass-facebook-replay-995,50
mesmasterclass-facebook-replay-1029,46
mesmasterclass-facebook-replay-990,45
mesmasterclass-facebook-replay-1010,39
mesmasterclass-facebook-replay-991,35
mesmasterclass-facebook-replay-1054,31
mesmasterclass-facebook-replay-1031,30
mesmasterclass-facebook-replay-1005,23
mesmasterclass-facebook-replay-1032,19
mesmasterclass-facebook-replay-1009,16
mesmasterclass-facebook-replay-1008,15
mesmasterclass-facebook-replay-1006,13
mesmasterclass-facebook-replay-926,12
mesmasterclass-facebook-replay-1007,9
mesmasterclass-facebook-replay-1011,8
mesmasterclass-facebook-replay-734,8
mesmasterclass-facebook-replay-772,6
mesmasterclass-facebook-replay-733,5
mesmasterclass-facebook-replay-774,4
mesmasterclass-facebook-replay-1055,3
mesmasterclass-facebook-replay-1012,3
mesmasterclass-facebook-replay-792,3
mesmasterclass-facebook-replay-1018,1
mesmasterclass-facebook-replay-1000,1
mesmasterclass-facebook-replay-997,1
mesmasterclass-facebook-replay-987,1
mesmasterclass-facebook-replay-980,1
mesmasterclass-facebook-replay-970,1
mesmasterclass-facebook-replay-960,1
mesmasterclass-facebook-replay-955,1
mesmasterclass-facebook-replay-950,1
mesmasterclass-facebook-replay-905,1
mesmasterclass-facebook-replay-805,1
mesmasterclass-facebook-replay-804,1
mesmasterclass-facebook-replay-790,1
mesmasterclass-facebook-replay-732,1
mesmasterclass-facebook-replay-731,1
mesmasterclass-facebook-replay-719,1
mesmasterclass-facebook-replay-120,1
mesmasterclass-facebook-replay-119,1
mesmasterclass-facebook-replay-118,1
mesmasterclass-facebook-orientation,368
mesmasterclass-facebook-acces-cours,15
mesmasterclass-wordpress,1021
mesmasterclass-wordpress-replay-1001,192
mesmasterclass-wordpress-replay-1002,148
mesmasterclass-wordpress-replay-1003,114
mesmasterclass-wordpress-replay-1004,67
mesmasterclass-wordpress-replay-997,42
mesmasterclass-wordpress-replay-1028,21
mesmasterclass-wordpress-replay-1025,18
mesmasterclass-wordpress-replay-860,17
mesmasterclass-wordpress-replay-1000,15
mesmasterclass-wordpress-replay-998,10
mesmasterclass-wordpress-replay-862,10
mesmasterclass-wordpress-replay-764,9
mesmasterclass-wordpress-replay-863,8
mesmasterclass-wordpress-replay-861,8
mesmasterclass-wordpress-replay-1026,7
mesmasterclass-wordpress-replay-1027,6
mesmasterclass-wordpress-replay-665,6
mesmasterclass-wordpress-replay-767,4
mesmasterclass-wordpress-replay-766,4
mesmasterclass-wordpress-replay-725,4
mesmasterclass-wordpress-replay-999,3
mesmasterclass-wordpress-replay-928,2
mesmasterclass-wordpress-replay-796,2
mesmasterclass-wordpress-replay-667,2
mesmasterclass-wordpress-replay-666,2
mesmasterclass-wordpress-replay-765,1
mesmasterclass-wordpress-replay-726,1
mesmasterclass-wordpress-replay-713,1
mesmasterclass-wordpress-orientation,110
mesmasterclass-wordpress-acces-cours,10
mesmasterclass-marketing-digital,651
mesmasterclass-marketing-digital-replay-1040,53
mesmasterclass-marketing-digital-replay-1021,43
mesmasterclass-marketing-digital-replay-1038,34
mesmasterclass-marketing-digital-replay-1039,33
mesmasterclass-marketing-digital-replay-1023,15
mesmasterclass-marketing-digital-replay-1022,15
mesmasterclass-marketing-digital-replay-1024,13
mesmasterclass-marketing-digital-replay-956,11
mesmasterclass-marketing-digital-replay-959,9
mesmasterclass-marketing-digital-replay-1041,8
mesmasterclass-marketing-digital-replay-954,8
mesmasterclass-marketing-digital-replay-973,6
mesmasterclass-marketing-digital-replay-953,6
mesmasterclass-marketing-digital-replay-912,6
mesmasterclass-marketing-digital-replay-745,5
mesmasterclass-marketing-digital-replay-958,4
mesmasterclass-marketing-digital-replay-957,4
mesmasterclass-marketing-digital-replay-746,4
mesmasterclass-marketing-digital-replay-744,4
mesmasterclass-marketing-digital-replay-915,2
mesmasterclass-marketing-digital-replay-139,2
mesmasterclass-marketing-digital-replay-955,1
mesmasterclass-marketing-digital-replay-889,1
mesmasterclass-marketing-digital-replay-777,1
mesmasterclass-marketing-digital-replay-743,1
mesmasterclass-marketing-digital-replay-22,1
mesmasterclass-marketing-digital-replay-18,1
mesmasterclass-marketing-digital-orientation,123
mesmasterclass-marketing-digital-acces-cours,19
mesmasterclass-copywriting,212
mesmasterclass-copywriting-replay-1046,39
mesmasterclass-copywriting-replay-1047,35
mesmasterclass-copywriting-replay-1048,29
mesmasterclass-copywriting-replay-1049,10
mesmasterclass-copywriting-replay-854,4
mesmasterclass-copywriting-replay-1039,1
mesmasterclass-copywriting-replay-1034,1
mesmasterclass-copywriting-replay-1033,1
mesmasterclass-copywriting-replay-1032,1
mesmasterclass-copywriting-replay-1031,1
mesmasterclass-copywriting-replay-1030,1
mesmasterclass-copywriting-replay-1029,1
mesmasterclass-copywriting-replay-855,1
mesmasterclass-copywriting-replay-853,1
mesmasterclass-copywriting-replay-852,1
mesmasterclass-copywriting-replay-756,1
mesmasterclass-copywriting-orientation,20
mesmasterclass-copywriting-acces-cours,5
mesmasterclass-debuter-reussir-freelance,60
mesmasterclass-debuter-reussir-freelance-replay-1017,9
mesmasterclass-debuter-reussir-freelance-replay-768,4
mesmasterclass-debuter-reussir-freelance-replay-1018,3
mesmasterclass-debuter-reussir-freelance-replay-892,3
mesmasterclass-debuter-reussir-freelance-replay-770,1
mesmasterclass-debuter-reussir-freelance-replay-769,1
mesmasterclass-debuter-reussir-freelance-orientation,7
mesmasterclass-debuter-reussir-freelance-acces-cours,3
mesmasterclass-instagram,17
mesmasterclass-instagram-orientation,10
mesmasterclass-future-of-journalism,13
mesmasterclass-future-of-journalism-replay-964,3
mesmasterclass-advanced-english,8
mesmasterclass-advanced-english-replay-500,4
mesmasterclass-advanced-english-replay-511,1
mesmasterclass-developpement-web,10
mesmasterclass-marketing-reseaux-sociaux-replay-150,3
mesmasterclass-business-plan,6
mesmasterclass-marketing-digital-avance,3
3-2018,39629
4-2018,29711
fr-FR-my-masterclasses,15483
fr-FR-masterclass,3485
fr-FR-my-settings,1614
fr-FR-my-invoices,558
fr-FR-notifications,361
fr-FR-my-quotes,268
fr-FR-my-payment-methods,230
fr-FR-change-my-password,70
fr-FR-unsubscribe-reason,17
5-2018,22266
masterclass-facebook,560
masterclass-facebook-avancee,414
masterclass-facebook-276-990-live,52
masterclass-facebook-276-991-live,50
masterclass-facebook-276-989-live,43
masterclass-facebook-astuces,138
masterclass-facebook-bienvenue,133
masterclass-facebook-emails,117
masterclass-facebook-offre-limitee,79
masterclass-facebook-288-994-live,29
masterclass-facebook-288-996-live,16
masterclass-facebook-288-995-live,14
masterclass-facebook-288-993-live,14
masterclass-facebook-303-1005-live,22
masterclass-facebook-303-1008-live,18
masterclass-facebook-303-1007-live,18
masterclass-facebook-303-1006-live,14
masterclass-facebook-333-1029-live,33
masterclass-facebook-333-1032-live,15
masterclass-facebook-333-1031-live,6
masterclass-facebook-333-1030-live,1
masterclass-facebook-inscription,51
masterclass-facebook-situation,47
masterclass-facebook-experience,47
masterclass-facebook-objectif,44
masterclass-facebook-310-1009-live,12
masterclass-facebook-310-1012-live,11
masterclass-facebook-310-1010-live,9
masterclass-facebook-310-1011-live,4
masterclass-facebook-inscriptions-fermees,21
masterclass-facebook-ajouter-certificat,16
masterclass-wordpress,442
masterclass-wordpress-avancee,303
masterclass-wordpress-296-1001-live,109
masterclass-wordpress-296-1004-live,69
masterclass-wordpress-296-1002-live,39
masterclass-wordpress-296-1003-live,32
masterclass-wordpress-emails,166
masterclass-wordpress-astuces,153
masterclass-wordpress-offre-limitee,148
masterclass-wordpress-bienvenue,148
masterclass-wordpress-inscriptions-fermees,74
masterclass-wordpress-289-1000-live,30
masterclass-wordpress-289-997-live,23
masterclass-wordpress-289-998-live,12
masterclass-wordpress-289-999-live,4
masterclass-wordpress-inscription,63
masterclass-wordpress-objectif,39
masterclass-wordpress-situation,27
masterclass-wordpress-experience,27
masterclass-wordpress-326-1025-live,14
masterclass-wordpress-326-1028-live,6
masterclass-wordpress-326-1027-live,4
masterclass-wordpress-ajouter-certificat,23
masterclass-lives-240-students_questions,96
masterclass-lives-301-students_questions,90
masterclass-lives-242-students_questions,80
masterclass-lives-237-students_questions,80
masterclass-lives-236-students_questions,80
masterclass-lives-234-students_questions,80
masterclass-lives-300-students_questions,72
masterclass-lives-244-students_questions,72
masterclass-lives-245-students_questions,68
masterclass-lives-241-students_questions,64
masterclass-lives-238-students_questions,64
masterclass-lives-235-students_questions,64
masterclass-lives-316-students_questions,56
masterclass-lives-302-students_questions,56
masterclass-lives-243-students_questions,56
masterclass-lives-239-students_questions,52
masterclass-lives-232-students_questions,52
masterclass-lives-303-students_questions,48
masterclass-lives-233-students_questions,48
masterclass-lives-257-students_questions,44
masterclass-lives-256-students_questions,44
masterclass-lives-304-students_questions,36
masterclass-lives-293-students_questions,36
masterclass-lives-259-students_questions,36
masterclass-lives-265-students_questions,32
masterclass-lives-266-students_questions,28
masterclass-lives-332-students_questions,24
masterclass-lives-268-students_questions,20
masterclass-lives-267-students_questions,20
masterclass-lives-258-students_questions,20
masterclass-lives-255-students_questions,20
masterclass-lives-231-students_questions,20
masterclass-lives-346-students_questions,16
masterclass-lives-317-students_questions,16
masterclass-lives-315-students_questions,16
masterclass-lives-254-students_questions,16
masterclass-lives-253-students_questions,16
masterclass-lives-252-students_questions,16
masterclass-lives-269-students_questions,12
masterclass-lives-270-students_questions,6
masterclass-lives-294-students_questions,4
masterclass-lives-277-students_questions,4
masterclass-lives-180-students_questions,4
masterclass-lives-218-students_questions,3
masterclass-marketing-digital,695
masterclass-marketing-digital-avancee,200
masterclass-marketing-digital-319-1021-live,50
masterclass-marketing-digital-319-1024-live,29
masterclass-marketing-digital-319-1022-live,20
masterclass-marketing-digital-319-1023-live,16
masterclass-marketing-digital-emails,67
masterclass-marketing-digital-astuces,67
masterclass-marketing-digital-bienvenue,63
masterclass-marketing-digital-341-1038-live,39
masterclass-marketing-digital-341-1040-live,14
masterclass-marketing-digital-341-1041-live,7
masterclass-marketing-digital-offre-limitee,55
masterclass-marketing-digital-inscription,30
masterclass-marketing-digital-ajouter-certificat,30
masterclass-marketing-digital-objectif,18
masterclass-marketing-digital-situation,16
masterclass-marketing-digital-experience,16
masterclass-marketing-digital-358-1052-live,4
masterclass-marketing-digital-358-1050-live,3
masterclass-marketing-digital-358-1053-live,2
masterclass-marketing-digital-inscriptions-fermees,8
masterclass-succes-eleves,746
masterclass-succes-eleves-aminata-ndiaye,70
masterclass-succes-eleves-morgane-senbel,56
masterclass-succes-eleves-alix-de-bricourt,47
masterclass-succes-eleves-yeza-lucas,45
masterclass-succes-eleves-marc-eisenhut,30
masterclass-succes-eleves-mathias-savary,27
masterclass-succes-eleves-florian-tep,26
masterclass-succes-eleves-laura-ciriani,25
masterclass-succes-eleves-justine-arma,25
masterclass-succes-eleves-julie-doval,25
masterclass-succes-eleves-antoine-herman,24
masterclass-succes-eleves-helene-de-vestele,21
masterclass-succes-eleves-marie-roe,20
masterclass-succes-eleves-emilie-mahaux,20
masterclass-succes-eleves-julie-saba,19
masterclass-succes-eleves-lucile-hetier,18
masterclass-succes-eleves-camille-bonnevial,16
masterclass-succes-eleves-valerie-ploux,15
masterclass-succes-eleves-severine-moulinier,15
masterclass-succes-eleves-jean-contet,14
masterclass-succes-eleves-wided-gharbi,12
masterclass-succes-eleves-ronita-chhim,12
masterclass-succes-eleves-monika-kliava,11
masterclass-succes-eleves-paula-braconnot,10
masterclass-succes-eleves-florian-zorgnotti,10
masterclass-succes-eleves-cindy-latouche,10
masterclass-succes-eleves-paul-mathieu,8
masterclass-succes-eleves-benoit-renard,6
masterclass-succes-eleves-regis-moscardini,4
masterclass-succes-eleves-stephanie-sere-annichini,3
masterclass-succes-eleves-nicolas-meudal,3
masterclass-succes-eleves-julien,3
masterclass-succes-eleves-benoit,3
masterclass-succes-eleves-anthony-maillot,3
masterclass-avancee-facebook-avance-deroulement,106
masterclass-avancee-facebook-avance-promotion,102
masterclass-avancee-facebook-avance-choisir,45
masterclass-avancee-facebook-avance-choix-confirme-lancer-son-activite-avec-wordpress,11
masterclass-avancee-facebook-avance-choix-confirme-marketing-digital-avance,10
masterclass-avancee-facebook-avance-choix-confirme-facebook-avance,5
masterclass-avancee-facebook-avance-choix-confirme-copywriting-avance,4
masterclass-avancee-facebook-avance-choix-confirme-instagram-avance,3
masterclass-avancee-lancer-son-activite-avec-wordpress-promotion,71
masterclass-avancee-lancer-son-activite-avec-wordpress-deroulement,53
masterclass-avancee-lancer-son-activite-avec-wordpress-choisir,28
masterclass-avancee-lancer-son-activite-avec-wordpress-choix-confirme-lancer-son-activite-avec-wordpress,14
masterclass-avancee-lancer-son-activite-avec-wordpress-choix-confirme-marketing-digital-avance,10
masterclass-avancee-lancer-son-activite-avec-wordpress-choix-confirme-facebook-avance,2
masterclass-avancee-marketing-digital-avance-promotion,68
masterclass-avancee-marketing-digital-avance-deroulement,61
masterclass-avancee-marketing-digital-avance-choix-confirme-marketing-digital-avance,14
masterclass-avancee-marketing-digital-avance-choix-confirme-lancer-son-activite-avec-wordpress,5
masterclass-avancee-marketing-digital-avance-choix-confirme-copywriting-avance,5
masterclass-avancee-marketing-digital-avance-choix-confirme-facebook-avance,2
masterclass-avancee-marketing-digital-avance-choix-confirme-dropshipping-avance,1
masterclass-avancee-marketing-digital-avance-choisir,21
masterclass-avancee-freelance-promotion,80
masterclass-avancee-freelance-deroulement,20
masterclass-avancee-freelance-choisir,7
masterclass-avancee-freelance-choix-confirme-marketing-digital-avance,2
masterclass-avancee-freelance-choix-confirme-freelance,2
masterclass-avancee-freelance-choix-confirme-copywriting-avance,1
masterclass-avancee-undefined-mc-choisir,85
masterclass-avancee-instagram-avance-promotion,36
masterclass-avancee-instagram-avance-deroulement,31
masterclass-avancee-instagram-avance-choix-confirme-instagram-avance,7
masterclass-avancee-copywriting-avance-promotion,17
masterclass-avancee-copywriting-avance-deroulement,12
masterclass-avancee-copywriting-avance-choix-confirme-copywriting-avance,3
masterclass-avancee-dropshipping-avance-choix-confirme-dropshipping-avance,6
masterclass-avancee-dropshipping-avance-promotion,4
masterclass-avancee-dropshipping-avance-deroulement,4
masterclass-instagram,367
masterclass-instagram-offre-limitee,95
masterclass-instagram-emails,91
masterclass-instagram-bienvenue,78
masterclass-instagram-astuces,75
masterclass-instagram-inscription,40
masterclass-instagram-avancee,37
masterclass-instagram-inscription-cours-email,34
masterclass-instagram-objectif,11
masterclass-instagram-situation,8
masterclass-instagram-experience,8
masterclass-instagram-ajouter-certificat,2
masterclass-instagram-377-1078-live,2
masterclass-document-cifs-10199,24
masterclass-document-cifs-10199-sign,21
masterclass-document-cifs-12248-sign,12
masterclass-document-cifs-12248-sign,12
masterclass-document-cifs-14117-sign,10
masterclass-document-cifs-14117-sign,10
masterclass-document-cifs-12462-sign,8
masterclass-document-cifs-12462-sign,8
masterclass-document-cifs-12906,8
masterclass-document-cifs-12906-sign,6
masterclass-document-cifs-13690-sign,6
masterclass-document-cifs-13690-sign,6
masterclass-document-cifs-13305-sign,6
masterclass-document-cifs-13305-sign,6
masterclass-document-cifs-12776-sign,6
masterclass-document-cifs-12776-sign,6
masterclass-document-cifs-12536-sign,6
masterclass-document-cifs-12536-sign,6
masterclass-document-cifs-12394-sign,6
masterclass-document-cifs-12394-sign,6
masterclass-document-cifs-11858-sign,6
masterclass-document-cifs-11858-sign,6
masterclass-document-cifs-10595-sign,10
masterclass-document-cifs-10595-sign,2
masterclass-document-cifs-3488,9
masterclass-document-cifs-3488-sign,3
masterclass-document-cifs-12994,6
masterclass-document-cifs-12994-sign,2
masterclass-document-cifs-12442,6
masterclass-document-cifs-12442-sign,2
masterclass-document-cifs-12440,6
masterclass-document-cifs-12440-sign,2
masterclass-document-cifs-12342-sign,4
masterclass-document-cifs-12342-sign,4
masterclass-document-cifs-12070,6
masterclass-document-cifs-12070-sign,2
masterclass-document-cifs-11862,6
masterclass-document-cifs-11862-sign,2
masterclass-document-cifs-11839,6
masterclass-document-cifs-11839-sign,2
masterclass-document-cifs-11837,6
masterclass-document-cifs-11837-sign,2
masterclass-document-cifs-11124,6
masterclass-document-cifs-11124-sign,2
masterclass-document-cifs-11867,4
masterclass-document-cifs-11867-sign,3
masterclass-document-cifs-14261-sign,3
masterclass-document-cifs-14261-sign,3
masterclass-document-cifs-13899-sign,3
masterclass-document-cifs-13899-sign,3
masterclass-document-cifs-13799-sign,3
masterclass-document-cifs-13799-sign,3
masterclass-document-cifs-13721-sign,3
masterclass-document-cifs-13721-sign,3
masterclass-document-cifs-13651-sign,3
masterclass-document-cifs-13651-sign,3
masterclass-document-cifs-13643-sign,3
masterclass-document-cifs-13643-sign,3
masterclass-document-cifs-13641-sign,3
masterclass-document-cifs-13641-sign,3
masterclass-document-cifs-13599-sign,3
masterclass-document-cifs-13599-sign,3
masterclass-document-cifs-13597-sign,3
masterclass-document-cifs-13597-sign,3
masterclass-document-cifs-13430-sign,3
masterclass-document-cifs-13430-sign,3
masterclass-document-cifs-13258-sign,3
masterclass-document-cifs-13258-sign,3
masterclass-document-cifs-13230,6
masterclass-document-cifs-12384-sign,3
masterclass-document-cifs-12384-sign,3
masterclass-document-cifs-12382-sign,3
masterclass-document-cifs-12382-sign,3
masterclass-document-cifs-11869-sign,3
masterclass-document-cifs-11869-sign,3
masterclass-document-cifs-11431-sign,3
masterclass-document-cifs-11431-sign,3
masterclass-document-cifs-10142-sign,3
masterclass-document-cifs-10142-sign,3
masterclass-document-cifs-14132,3
masterclass-document-cifs-14132-sign,1
masterclass-document-cifs-14086-sign,2
masterclass-document-cifs-14086-sign,2
masterclass-document-cifs-13992-sign,2
masterclass-document-cifs-13992-sign,2
masterclass-document-cifs-13806-sign,2
masterclass-document-cifs-13806-sign,2
masterclass-document-cifs-13795-sign,2
masterclass-document-cifs-13795-sign,2
masterclass-document-cifs-13731-sign,2
masterclass-document-cifs-13731-sign,2
masterclass-document-cifs-13568-sign,2
masterclass-document-cifs-13568-sign,2
masterclass-document-cifs-13539-sign,2
masterclass-document-cifs-13539-sign,2
masterclass-document-cifs-13537-sign,2
masterclass-document-cifs-13537-sign,2
masterclass-document-cifs-13508-sign,2
masterclass-document-cifs-13508-sign,2
masterclass-document-cifs-13418-sign,2
masterclass-document-cifs-13418-sign,2
masterclass-document-cifs-13416-sign,2
masterclass-document-cifs-13416-sign,2
masterclass-document-cifs-13398-sign,2
masterclass-document-cifs-13398-sign,2
masterclass-document-cifs-13331-sign,2
masterclass-document-cifs-13331-sign,2
masterclass-document-cifs-13329-sign,2
masterclass-document-cifs-13329-sign,2
masterclass-document-cifs-13303-sign,2
masterclass-document-cifs-13303-sign,2
masterclass-document-cifs-13295-sign,2
masterclass-document-cifs-13295-sign,2
masterclass-document-cifs-13172-sign,2
masterclass-document-cifs-13172-sign,2
masterclass-document-cifs-13170-sign,2
masterclass-document-cifs-13170-sign,2
masterclass-document-cifs-13156-sign,2
masterclass-document-cifs-13156-sign,2
masterclass-document-cifs-13150-sign,2
masterclass-document-cifs-13150-sign,2
masterclass-document-cifs-13144-sign,2
masterclass-document-cifs-13144-sign,2
masterclass-document-cifs-13026-sign,2
masterclass-document-cifs-13026-sign,2
masterclass-document-cifs-12923-sign,2
masterclass-document-cifs-12923-sign,2
masterclass-document-cifs-12871-sign,2
masterclass-document-cifs-12871-sign,2
masterclass-document-cifs-12832-sign,2
masterclass-document-cifs-12832-sign,2
masterclass-document-cifs-12793-sign,2
masterclass-document-cifs-12793-sign,2
masterclass-document-cifs-12774-sign,2
masterclass-document-cifs-12774-sign,2
masterclass-document-cifs-12771-sign,2
masterclass-document-cifs-12771-sign,2
masterclass-document-cifs-12695-sign,2
masterclass-document-cifs-12695-sign,2
masterclass-document-cifs-12659-sign,2
masterclass-document-cifs-12659-sign,2
masterclass-document-cifs-12538-sign,2
masterclass-document-cifs-12538-sign,2
masterclass-document-cifs-12519-sign,2
masterclass-document-cifs-12519-sign,2
masterclass-document-cifs-12464-sign,2
masterclass-document-cifs-12464-sign,2
masterclass-document-cifs-12420-sign,2
masterclass-document-cifs-12420-sign,2
masterclass-document-cifs-12418-sign,2
masterclass-document-cifs-12418-sign,2
masterclass-document-cifs-12396-sign,2
masterclass-document-cifs-12396-sign,2
masterclass-document-cifs-12237-sign,2
masterclass-document-cifs-12237-sign,2
masterclass-document-cifs-12225-sign,2
masterclass-document-cifs-12225-sign,2
masterclass-document-cifs-12211-sign,2
masterclass-document-cifs-12211-sign,2
masterclass-document-cifs-12117-sign,2
masterclass-document-cifs-12117-sign,2
masterclass-document-cifs-12111-sign,2
masterclass-document-cifs-12111-sign,2
masterclass-document-cifs-12109-sign,2
masterclass-document-cifs-12109-sign,2
masterclass-document-cifs-12066-sign,2
masterclass-document-cifs-12066-sign,2
masterclass-document-cifs-12043-sign,2
masterclass-document-cifs-12043-sign,2
masterclass-document-cifs-12041-sign,2
masterclass-document-cifs-12041-sign,2
masterclass-document-cifs-12002-sign,2
masterclass-document-cifs-12002-sign,2
masterclass-document-cifs-11888-sign,2
masterclass-document-cifs-11888-sign,2
masterclass-document-cifs-11843-sign,2
masterclass-document-cifs-11843-sign,2
masterclass-document-cifs-11835-sign,2
masterclass-document-cifs-11835-sign,2
masterclass-document-cifs-11831-sign,2
masterclass-document-cifs-11831-sign,2
masterclass-document-cifs-11754-sign,2
masterclass-document-cifs-11754-sign,2
masterclass-document-cifs-11422-sign,2
masterclass-document-cifs-11422-sign,2
masterclass-document-cifs-11144-sign,2
masterclass-document-cifs-11144-sign,2
masterclass-document-cifs-10987-sign,2
masterclass-document-cifs-10987-sign,2
masterclass-document-cifs-10922-sign,2
masterclass-document-cifs-10922-sign,2
masterclass-document-cifs-10841-sign,2
masterclass-document-cifs-10841-sign,2
masterclass-document-cifs-10777-sign,2
masterclass-document-cifs-10777-sign,2
masterclass-document-cifs-10725-sign,2
masterclass-document-cifs-10725-sign,2
masterclass-document-cifs-10723-sign,2
masterclass-document-cifs-10723-sign,2
masterclass-document-cifs-9924,3
masterclass-document-cifs-9924-sign,1
masterclass-document-cifs-9733-sign,2
masterclass-document-cifs-9733-sign,2
masterclass-document-cifs-8537-sign,2
masterclass-document-cifs-8537-sign,2
masterclass-document-cifs-12199,3
masterclass-document-cifs-14134-sign,1
masterclass-document-cifs-14134-sign,1
masterclass-document-cifs-14128-sign,1
masterclass-document-cifs-14128-sign,1
masterclass-document-cifs-14126-sign,1
masterclass-document-cifs-14126-sign,1
masterclass-document-cifs-14074-sign,1
masterclass-document-cifs-14074-sign,1
masterclass-document-cifs-14072-sign,1
masterclass-document-cifs-14072-sign,1
masterclass-document-cifs-13897-sign,1
masterclass-document-cifs-13897-sign,1
masterclass-document-cifs-13888-sign,1
masterclass-document-cifs-13888-sign,1
masterclass-document-cifs-13886-sign,1
masterclass-document-cifs-13886-sign,1
masterclass-document-cifs-13867-sign,1
masterclass-document-cifs-13867-sign,1
masterclass-document-cifs-13858-sign,1
masterclass-document-cifs-13858-sign,1
masterclass-document-cifs-13696-sign,1
masterclass-document-cifs-13696-sign,1
masterclass-document-cifs-13694-sign,1
masterclass-document-cifs-13694-sign,1
masterclass-document-cifs-13134-sign,1
masterclass-document-cifs-13134-sign,1
masterclass-document-cifs-13132-sign,1
masterclass-document-cifs-13132-sign,1
masterclass-document-cifs-12996-sign,1
masterclass-document-cifs-12996-sign,1
masterclass-document-cifs-12857-sign,1
masterclass-document-cifs-12857-sign,1
masterclass-document-cifs-12855-sign,1
masterclass-document-cifs-12855-sign,1
masterclass-document-cifs-12830-sign,1
masterclass-document-cifs-12830-sign,1
masterclass-document-cifs-12781-sign,1
masterclass-document-cifs-12781-sign,1
masterclass-document-cifs-12608-sign,1
masterclass-document-cifs-12608-sign,1
masterclass-document-cifs-12606-sign,1
masterclass-document-cifs-12606-sign,1
masterclass-document-cifs-12576-sign,1
masterclass-document-cifs-12576-sign,1
masterclass-document-cifs-12375-sign,1
masterclass-document-cifs-12375-sign,1
masterclass-document-cifs-12336-sign,1
masterclass-document-cifs-12336-sign,1
masterclass-document-cifs-12235-sign,1
masterclass-document-cifs-12235-sign,1
masterclass-document-cifs-12169-sign,1
masterclass-document-cifs-12169-sign,1
masterclass-document-cifs-12124-sign,1
masterclass-document-cifs-12124-sign,1
masterclass-document-cifs-12084-sign,1
masterclass-document-cifs-12084-sign,1
masterclass-document-cifs-12005-sign,1
masterclass-document-cifs-12005-sign,1
masterclass-document-cifs-11994-sign,1
masterclass-document-cifs-11994-sign,1
masterclass-document-cifs-11983-sign,1
masterclass-document-cifs-11983-sign,1
masterclass-document-cifs-11974-sign,1
masterclass-document-cifs-11974-sign,1
masterclass-document-cifs-11823-sign,1
masterclass-document-cifs-11823-sign,1
masterclass-document-cifs-11485-sign,1
masterclass-document-cifs-11485-sign,1
masterclass-document-cifs-11437-sign,1
masterclass-document-cifs-11437-sign,1
masterclass-document-cifs-11424-sign,1
masterclass-document-cifs-11424-sign,1
masterclass-document-cifs-11369-sign,1
masterclass-document-cifs-11369-sign,1
masterclass-document-cifs-11234-sign,1
masterclass-document-cifs-11234-sign,1
masterclass-document-cifs-10950-sign,1
masterclass-document-cifs-10950-sign,1
masterclass-document-cifs-10804-sign,1
masterclass-document-cifs-10804-sign,1
masterclass-document-cifs-10253-sign,1
masterclass-document-cifs-10253-sign,1
masterclass-document-cifs-10229-sign,1
masterclass-document-cifs-10229-sign,1
masterclass-document-cifs-10168-sign,1
masterclass-document-cifs-10168-sign,1
masterclass-document-cifs-9786-sign,1
masterclass-document-cifs-9786-sign,1
masterclass-document-cifs-9776-sign,1
masterclass-document-cifs-9776-sign,1
masterclass-document-cifs-9689-sign,1
masterclass-document-cifs-9689-sign,1
masterclass-document-cifs-9682-sign,1
masterclass-document-cifs-9682-sign,1
masterclass-document-cifs-9650,2
masterclass-document-cifs-9623-sign,1
masterclass-document-cifs-9623-sign,1
masterclass-document-cifs-9617-sign,1
masterclass-document-cifs-9617-sign,1
masterclass-document-cifs-9543-sign,1
masterclass-document-cifs-9543-sign,1
masterclass-document-cifs-12841,1
masterclass-document-cifs-10099,1
masterclass-document-cifs-9784,1
masterclass-document-cifs-9500,1
masterclass-copywriting,291
masterclass-copywriting-astuces,80
masterclass-copywriting-emails,74
masterclass-copywriting-356-1046-live,35
masterclass-copywriting-356-1047-live,19
masterclass-copywriting-356-1048-live,16
masterclass-copywriting-356-1049-live,1
masterclass-copywriting-bienvenue,66
masterclass-copywriting-offre-limitee,53
masterclass-copywriting-avancee,53
masterclass-copywriting-inscription,32
masterclass-copywriting-situation,7
masterclass-copywriting-experience,7
masterclass-copywriting-ajouter-certificat,6
masterclass-copywriting-objectif,4
masterclass-debuter-reussir-freelance,278
masterclass-debuter-reussir-freelance-avancee,69
masterclass-debuter-reussir-freelance-offre-limitee,59
masterclass-debuter-reussir-freelance-inscription-cours-email,21
masterclass-debuter-reussir-freelance-inscriptions-fermees,20
masterclass-debuter-reussir-freelance-ajouter-certificat,1
masterclass-journees-decouverte,375
masterclass-facebook-avance-offre-bundle-paiement,88
masterclass-facebook-avance-offre-bundle-confirmation,49
masterclass-facebook-avance-paiement,64
masterclass-facebook-avance-confirmation,62
masterclass-facebook-avance-paiement-reduction,58
masterclass-facebook-avance-avancee,41
masterclass-diagnostic-confirme,259
masterclass-dropshipping,185
masterclass-dropshipping-avancee,42
masterclass-dropshipping-offre-limitee,11
masterclass-dropshipping-inscription-cours-email,9
masterclass-dropshipping-inscriptions-fermees,4
masterclass-marketing-digital-avance-paiement-reduction,81
masterclass-marketing-digital-avance-offre-bundle-paiement,49
masterclass-marketing-digital-avance-offre-bundle-confirmation,18
masterclass-marketing-digital-avance-paiement,37
masterclass-marketing-digital-avance-confirmation,31
masterclass-marketing-digital-avance-avancee,7
masterclass-marketing-digital-avance-une-surprise-attend,5
masterclass-lancer-son-activite-avec-wordpress-offre-bundle-paiement,83
masterclass-lancer-son-activite-avec-wordpress-offre-bundle-confirmation,28
masterclass-lancer-son-activite-avec-wordpress-paiement,30
masterclass-lancer-son-activite-avec-wordpress-avancee,29
masterclass-lancer-son-activite-avec-wordpress-paiement-reduction,26
masterclass-lancer-son-activite-avec-wordpress-confirmation,23
masterclass-freelance-avancee,46
masterclass-freelance-paiement-reduction,33
masterclass-freelance-paiement,23
masterclass-freelance-confirmation,14
masterclass-freelance-offre-bundle-paiement,6
masterclass-freelance-offre-bundle-confirmation,4
masterclass-instagram-avance-paiement,66
masterclass-instagram-avance-confirmation,31
masterclass-instagram-avance-paiement-reduction,11
masterclass-copywriting-avance-paiement,22
masterclass-copywriting-avance-paiement-reduction,20
masterclass-copywriting-avance-confirmation,14
masterclass-dropshipping-avance-paiement,5
masterclass-dropshipping-avance-confirmation,4
masterclass-dropshipping-avance-paiement-reduction,2
masterclass-future-of-journalism-ajouter-certificat,3
masterclass-tips_answer,2
masterclass-offre-limitee,1
blog,1067
blog-marques-natives-instagram,426
blog-category-podcast,81
blog-category-5-jours-sur-instagram,46
blog-category-marketing-digital,38
blog-category-marketing-digital-page-2,1
blog-category-1-article-par-jour,30
blog-category-1-article-par-jour-page-2,3
blog-category-facebook,32
blog-category-entrepreneuriat,21
blog-category-pedagogie,11
blog-category-freelance,8
blog-category-copywriting,6
blog-category-interview,4
blog-page-2,112
blog-page-3,63
blog-page-4,30
blog-page-6,13
blog-page-5,12
blog-page-7,6
blog-influenceurs-instagram,217
blog-comptes-curation-instagram,153
blog-story-instagram-reussie,136
blog-photographes-trouver-clients-recurrents,130
blog-un-article-par-jour-1-90-construire-sa-tribu,108
blog-cafe-livementor-podcast,92
blog-ce-que-nous-avons-appris-en-depensant-300-000-euros-sur-facebook-en-2017-joyeux-noel-mark-zuckerberg,89
blog-comment-ils-ont-perdu-12-millions-de-fans-sur-facebook-en-une-nuit,74
blog-un-jour-jai-pris-une-montgolfiere-et-jai-atterri-en-2028,57
blog-un-article-par-jour-28-90-apprendre-a-pitcher-son-projet-ce-que-nous-apprennent-les-comediens,56
blog-podcast-helene-de-vestele,53
blog-un-article-par-jour-3-90-la-solitude-de-lentrepreneur,50
blog-un-article-par-jour-21-90-comment-ecrire-un-article-invite-sur-un-site-blog-tres-visite,50
blog-evaluer-prix-freelance,48
blog-un-article-par-jour-10-90-combien-ca-coute-de-creer-son-entreprise,46
blog-fil-actualite-facebook,46
blog-personas-toucher-cible,40
blog-trouver-clients-graphiste-independant,38
blog-un-article-par-jour-19-90-quest-ce-que-je-vais-apprendre-aujourdhui,36
blog-podcast-shanty-biscuit,35
blog-bonnegueule,35
blog-un-article-par-jour-4-90-lentrepreneur-qui-dit-non,30
blog-un-article-par-jour-7-90-comment-construire-une-equipe,28
blog-un-article-par-jour-5-90-avant-je-travaillais-le-week-end-mais-maintenant,28
blog-un-article-par-jour-8-90-cest-quoi-leducation-en-ligne-la-vraie,26
blog-un-article-par-jour-6-90-jai-revu-maeva,25
blog-un-article-par-jour-11-90-le-prochain-livre-sur-mon-etagere,25
blog-un-article-par-jour-18-90-7-principes-de-productivite-pour-entrepreneurs-stresses-video-de-1-heure,24
blog-un-article-par-jour-16-90-les-risques-a-prendre,24
blog-monter-boutique-ecommerce,24
blog-un-article-par-jour-24-90-il-devait-nous-faire-lever-des-fonds-a-new-york-mais-on-a-juste-mange-des-bagels,23
blog-lima-kickstarter-france,23
blog-bien-choisir-sa-formation,23
blog-tigre-yoga-interview,20
blog-un-article-par-jour-13-90-les-eleves-les-plus-plaisants-et-difficiles,19
blog-les-3-qualites-dun-mentor,19
blog-interview-antonin-archer,19
blog-bilan-de-lannee-2017-et-resolutions-pour-2018,19
blog-trouver-clients-recurrents-coach,16
blog-livementor-evenement-physique,15
blog-un-article-par-jour-14-90-comment-on-recrute-chez-livementor,14
blog-chocolat-encuentro-podcast,14
blog-ay-cactus-marque,14
blog-peut-on-entreprendre-en-equipe,12
blog-un-article-par-jour-22-90-50-questions-a-poser-a-des-eleves-entrepreneurs,11
blog-un-article-par-jour-15-90-apprendre-a-etre-patient,11
blog-media-podcasts-independants,11
blog-histoire-livementor,11
blog-catastrophe-algorithme-facebook,11
blog-un-article-par-jour-23-90-court-terme-et-long-terme,10
blog-pourquoi-formation-growth-hacking,9
blog-tutoriel-facebook-live-professionnel,8
blog-journalistes-entrepreneuriat-2018,8
blog-achat-de-like-facebook,8
blog-un-article-par-jour-9-90-3-conferences-ted-pour-creer-une-pedagogie-differente,7
blog-un-article-par-jour-12-90-investir-dans-une-formation-ou-sacheter-un-diplome,7
blog-un-article-par-jour-27-90-celebrer-les-victoires,6
blog-afnic-transition-numerique,6
blog-un-article-par-jour-29-90-arretons-denfermer-les-developpeurs-a-double-tour-dans-les-bureaux,5
blog-un-article-par-jour-17-90-offrir-le-dejeuner,5
blog-podcast-matthieu-feuille,5
blog-adopter-oliviers-adravasti-podcast,5
blog-un-article-par-jour-32-90-le-coaching-chez-livementor,4
blog-le-guide-ultime-du-marketing-digital-une-introduction,4
blog-wp-content-uploads-2017-12,3
blog-author-jessy,1
blog-author-carraca,1
blog-author-alex,1
blog-un-article-par-jour-20-90-du-lit-dadolescent-au-chateau,2
blog-a-propos,2
blog-13-strategies-pour-trouver-des-clients-en-utilisant-facebook,2
blog-un-article-par-jour-26-90-10-questions-a-poser-a-un-potentiel-associe,1
blog-guide-ultime-marketing-digital-introduction,1
blog-faire-financer-sa-formation-en-france-les-cinq-dispositifs-a-connaitre,1
connexion,1593
video-245399730-3abffc85,173
video-254650323-259e19ef,108
video-219700074-ab7cbbd9,103
video-259942663-a93bfaeb,95
video-252169617-45fa9bcd,72
video-258834018-759978f9,71
video-228565709-2588e44e,65
video-221239447-b08de5ea,53
video-217470341-aea5e64e,30
video-258813839-9c98b99a,27
video-257698253-d1a8d476,24
video-219676984-cac56d16,24
video-218434151-afa57d28,24
video-247341935-3ce6741e,19
video-220477613-42ccb0ea,16
video-251447869-c09435ae,14
video-216029727-aa8542f7,12
video-268357602-8e5063ea,11
video-236703900-e0bdfe3a,11
video-255380889-88fa5ce7,10
video-254319891-e6cd7775,10
video-214473260-2ff4e380,10
video-260463198-dd16c17a,8
video-218756010-f81f8b14,8
video-255381122-accf8c0d,6
video-253253640-8a45c6b3,6
video-253221470-0995c72e,6
video-223127390-6da0cdc2,6
video-245236288-1ba4e576,2
video-224443867-aaa76044,2
video-254455298-33442bde,1
decouvrir-masterclass,428
manifeste,358
instagram-cours-email-confirmation,314
masterclasses-avance-comment-ca-marche,268
freelance-cours-email-confirmation,217
error_404,172
contact,171
equipe,166
email-whitelisting,153
user-applications-tanjo,53
user-applications-goal,29
user-applications-tanjo_submission,17
user-applications-call_booking,12
user-applications-call_booked,12
avis,110
a-propos,79
back-office-students-208150-user,15
back-office-students-153905-change_promotion,12
back-office-students-199302-user,9
back-office-students-164195-change_promotion,4
back-office-contents-296,3
back-office-contents-252,3
reinitialiser-mot-de-passe,44
users-password-edit,32
users-confirmation,10
fermeture-cours-particuliers,38
paiement-en-attente,29
cafe-livementor,26
cgu,24
invite,18
en-GB-my-masterclasses,15
en-GB-my-payment-methods,2
email_preferences-unsubscribe,17
le-live-1,13
download_alone,9
supprimer-mon-compte,5
press,4
inscription,2
ask_quotation,2
stripe-payments-masterclass,1
le-live-2-embarquement,1
dropshipping-cours-email-confirmation,1